{
  "timestamp": "2025-07-30T16:25:37.319537",
  "summary": {
    "total_components": 166,
    "by_type": {
      "library": 166
    },
    "by_scope": {
      "optional": 64,
      "required": 15,
      "unknown": 87
    },
    "by_platform": {
      "dart": 158,
      "unknown": 8
    },
    "by_source": {
      "pub.dev": 158,
      "unknown": 8
    }
  },
  "components": [
    {
      "name": "flutter_lints",
      "version": "3.0.2",
      "type": "library",
      "scope": "optional",
      "platform": "dart",
      "source": "pub.dev",
      "purl": "pkg:pub/flutter_lints@3.0.2"
    },
    {
      "name": "lints",
      "version": "3.0.0",
      "type": "library",
      "scope": "optional",
      "platform": "dart",
      "source": "pub.dev",
      "purl": "pkg:pub/lints@3.0.0"
    },
    {
      "name": "flutter_test",
      "version": "0.0.0",
      "type": "library",
      "scope": "optional",
      "platform": "dart",
      "source": "pub.dev",
      "purl": "pkg:pub/flutter_test@0.0.0"
    },
    {
      "name": "vm_service",
      "version": "13.0.0",
      "type": "library",
      "scope": "optional",
      "platform": "dart",
      "source": "pub.dev",
      "purl": "pkg:pub/vm_service@13.0.0"
    },
    {
      "name": "term_glyph",
      "version": "1.2.1",
      "type": "library",
      "scope": "optional",
      "platform": "dart",
      "source": "pub.dev",
      "purl": "pkg:pub/term_glyph@1.2.1"
    },
    {
      "name": "string_scanner",
      "version": "1.2.0",
      "type": "library",
      "scope": "optional",
      "platform": "dart",
      "source": "pub.dev",
      "purl": "pkg:pub/string_scanner@1.2.0"
    },
    {
      "name": "source_span",
      "version": "1.10.0",
      "type": "library",
      "scope": "optional",
      "platform": "dart",
      "source": "pub.dev",
      "purl": "pkg:pub/source_span@1.10.0"
    },
    {
      "name": "path",
      "version": "1.9.0",
      "type": "library",
      "scope": "optional",
      "platform": "dart",
      "source": "pub.dev",
      "purl": "pkg:pub/path@1.9.0"
    },
    {
      "name": "collection",
      "version": "1.18.0",
      "type": "library",
      "scope": "optional",
      "platform": "dart",
      "source": "pub.dev",
      "purl": "pkg:pub/collection@1.18.0"
    },
    {
      "name": "stream_channel",
      "version": "2.1.2",
      "type": "library",
      "scope": "optional",
      "platform": "dart",
      "source": "pub.dev",
      "purl": "pkg:pub/stream_channel@2.1.2"
    },
    {
      "name": "async",
      "version": "2.11.0",
      "type": "library",
      "scope": "optional",
      "platform": "dart",
      "source": "pub.dev",
      "purl": "pkg:pub/async@2.11.0"
    },
    {
      "name": "meta",
      "version": "1.11.0",
      "type": "library",
      "scope": "optional",
      "platform": "dart",
      "source": "pub.dev",
      "purl": "pkg:pub/meta@1.11.0"
    },
    {
      "name": "material_color_utilities",
      "version": "0.8.0",
      "type": "library",
      "scope": "optional",
      "platform": "dart",
      "source": "pub.dev",
      "purl": "pkg:pub/material_color_utilities@0.8.0"
    },
    {
      "name": "leak_tracker_testing",
      "version": "2.0.1",
      "type": "library",
      "scope": "optional",
      "platform": "dart",
      "source": "pub.dev",
      "purl": "pkg:pub/leak_tracker_testing@2.0.1"
    },
    {
      "name": "matcher",
      "version": "0.12.16+1",
      "type": "library",
      "scope": "optional",
      "platform": "dart",
      "source": "pub.dev",
      "purl": "pkg:pub/matcher@0.12.16+1"
    },
    {
      "name": "test_api",
      "version": "0.6.1",
      "type": "library",
      "scope": "optional",
      "platform": "dart",
      "source": "pub.dev",
      "purl": "pkg:pub/test_api@0.6.1"
    },
    {
      "name": "stack_trace",
      "version": "1.11.1",
      "type": "library",
      "scope": "optional",
      "platform": "dart",
      "source": "pub.dev",
      "purl": "pkg:pub/stack_trace@1.11.1"
    },
    {
      "name": "boolean_selector",
      "version": "2.1.1",
      "type": "library",
      "scope": "optional",
      "platform": "dart",
      "source": "pub.dev",
      "purl": "pkg:pub/boolean_selector@2.1.1"
    },
    {
      "name": "leak_tracker",
      "version": "10.0.0",
      "type": "library",
      "scope": "optional",
      "platform": "dart",
      "source": "pub.dev",
      "purl": "pkg:pub/leak_tracker@10.0.0"
    },
    {
      "name": "clock",
      "version": "1.1.1",
      "type": "library",
      "scope": "optional",
      "platform": "dart",
      "source": "pub.dev",
      "purl": "pkg:pub/clock@1.1.1"
    },
    {
      "name": "characters",
      "version": "1.3.0",
      "type": "library",
      "scope": "optional",
      "platform": "dart",
      "source": "pub.dev",
      "purl": "pkg:pub/characters@1.3.0"
    },
    {
      "name": "leak_tracker_flutter_testing",
      "version": "2.0.1",
      "type": "library",
      "scope": "optional",
      "platform": "dart",
      "source": "pub.dev",
      "purl": "pkg:pub/leak_tracker_flutter_testing@2.0.1"
    },
    {
      "name": "flutter",
      "version": "0.0.0",
      "type": "library",
      "scope": "required",
      "platform": "dart",
      "source": "pub.dev",
      "purl": "pkg:pub/flutter@0.0.0"
    },
    {
      "name": "sky_engine",
      "version": "0.0.99",
      "type": "library",
      "scope": "optional",
      "platform": "dart",
      "source": "pub.dev",
      "purl": "pkg:pub/sky_engine@0.0.99"
    },
    {
      "name": "vector_math",
      "version": "2.1.4",
      "type": "library",
      "scope": "optional",
      "platform": "dart",
      "source": "pub.dev",
      "purl": "pkg:pub/vector_math@2.1.4"
    },
    {
      "name": "fake_async",
      "version": "1.3.1",
      "type": "library",
      "scope": "optional",
      "platform": "dart",
      "source": "pub.dev",
      "purl": "pkg:pub/fake_async@1.3.1"
    },
    {
      "name": "cupertino_icons",
      "version": "1.0.8",
      "type": "library",
      "scope": "required",
      "platform": "dart",
      "source": "pub.dev",
      "purl": "pkg:pub/cupertino_icons@1.0.8"
    },
    {
      "name": "shared_preferences",
      "version": "2.2.3",
      "type": "library",
      "scope": "required",
      "platform": "dart",
      "source": "pub.dev",
      "purl": "pkg:pub/shared_preferences@2.2.3"
    },
    {
      "name": "shared_preferences_windows",
      "version": "2.4.1",
      "type": "library",
      "scope": "optional",
      "platform": "dart",
      "source": "pub.dev",
      "purl": "pkg:pub/shared_preferences_windows@2.4.1"
    },
    {
      "name": "shared_preferences_platform_interface",
      "version": "2.4.1",
      "type": "library",
      "scope": "optional",
      "platform": "dart",
      "source": "pub.dev",
      "purl": "pkg:pub/shared_preferences_platform_interface@2.4.1"
    },
    {
      "name": "plugin_platform_interface",
      "version": "2.1.8",
      "type": "library",
      "scope": "optional",
      "platform": "dart",
      "source": "pub.dev",
      "purl": "pkg:pub/plugin_platform_interface@2.1.8"
    },
    {
      "name": "path_provider_windows",
      "version": "2.3.0",
      "type": "library",
      "scope": "optional",
      "platform": "dart",
      "source": "pub.dev",
      "purl": "pkg:pub/path_provider_windows@2.3.0"
    },
    {
      "name": "path_provider_platform_interface",
      "version": "2.1.2",
      "type": "library",
      "scope": "optional",
      "platform": "dart",
      "source": "pub.dev",
      "purl": "pkg:pub/path_provider_platform_interface@2.1.2"
    },
    {
      "name": "platform",
      "version": "3.1.6",
      "type": "library",
      "scope": "optional",
      "platform": "dart",
      "source": "pub.dev",
      "purl": "pkg:pub/platform@3.1.6"
    },
    {
      "name": "ffi",
      "version": "2.1.3",
      "type": "library",
      "scope": "optional",
      "platform": "dart",
      "source": "pub.dev",
      "purl": "pkg:pub/ffi@2.1.3"
    },
    {
      "name": "file",
      "version": "7.0.1",
      "type": "library",
      "scope": "optional",
      "platform": "dart",
      "source": "pub.dev",
      "purl": "pkg:pub/file@7.0.1"
    },
    {
      "name": "shared_preferences_web",
      "version": "2.4.1",
      "type": "library",
      "scope": "optional",
      "platform": "dart",
      "source": "pub.dev",
      "purl": "pkg:pub/shared_preferences_web@2.4.1"
    },
    {
      "name": "web",
      "version": "0.5.1",
      "type": "library",
      "scope": "optional",
      "platform": "dart",
      "source": "pub.dev",
      "purl": "pkg:pub/web@0.5.1"
    },
    {
      "name": "flutter_web_plugins",
      "version": "0.0.0",
      "type": "library",
      "scope": "optional",
      "platform": "dart",
      "source": "pub.dev",
      "purl": "pkg:pub/flutter_web_plugins@0.0.0"
    },
    {
      "name": "shared_preferences_linux",
      "version": "2.4.1",
      "type": "library",
      "scope": "optional",
      "platform": "dart",
      "source": "pub.dev",
      "purl": "pkg:pub/shared_preferences_linux@2.4.1"
    },
    {
      "name": "path_provider_linux",
      "version": "2.2.1",
      "type": "library",
      "scope": "optional",
      "platform": "dart",
      "source": "pub.dev",
      "purl": "pkg:pub/path_provider_linux@2.2.1"
    },
    {
      "name": "xdg_directories",
      "version": "1.1.0",
      "type": "library",
      "scope": "optional",
      "platform": "dart",
      "source": "pub.dev",
      "purl": "pkg:pub/xdg_directories@1.1.0"
    },
    {
      "name": "shared_preferences_foundation",
      "version": "2.5.3",
      "type": "library",
      "scope": "optional",
      "platform": "dart",
      "source": "pub.dev",
      "purl": "pkg:pub/shared_preferences_foundation@2.5.3"
    },
    {
      "name": "shared_preferences_android",
      "version": "2.2.2",
      "type": "library",
      "scope": "optional",
      "platform": "dart",
      "source": "pub.dev",
      "purl": "pkg:pub/shared_preferences_android@2.2.2"
    },
    {
      "name": "hive_flutter",
      "version": "1.1.0",
      "type": "library",
      "scope": "required",
      "platform": "dart",
      "source": "pub.dev",
      "purl": "pkg:pub/hive_flutter@1.1.0"
    },
    {
      "name": "path_provider",
      "version": "2.1.4",
      "type": "library",
      "scope": "optional",
      "platform": "dart",
      "source": "pub.dev",
      "purl": "pkg:pub/path_provider@2.1.4"
    },
    {
      "name": "path_provider_foundation",
      "version": "2.4.1",
      "type": "library",
      "scope": "optional",
      "platform": "dart",
      "source": "pub.dev",
      "purl": "pkg:pub/path_provider_foundation@2.4.1"
    },
    {
      "name": "path_provider_android",
      "version": "2.2.4",
      "type": "library",
      "scope": "optional",
      "platform": "dart",
      "source": "pub.dev",
      "purl": "pkg:pub/path_provider_android@2.2.4"
    },
    {
      "name": "hive",
      "version": "2.2.3",
      "type": "library",
      "scope": "required",
      "platform": "dart",
      "source": "pub.dev",
      "purl": "pkg:pub/hive@2.2.3"
    },
    {
      "name": "crypto",
      "version": "3.0.3",
      "type": "library",
      "scope": "required",
      "platform": "dart",
      "source": "pub.dev",
      "purl": "pkg:pub/crypto@3.0.3"
    },
    {
      "name": "typed_data",
      "version": "1.3.2",
      "type": "library",
      "scope": "optional",
      "platform": "dart",
      "source": "pub.dev",
      "purl": "pkg:pub/typed_data@1.3.2"
    },
    {
      "name": "local_auth",
      "version": "2.3.0",
      "type": "library",
      "scope": "required",
      "platform": "dart",
      "source": "pub.dev",
      "purl": "pkg:pub/local_auth@2.3.0"
    },
    {
      "name": "local_auth_windows",
      "version": "1.0.11",
      "type": "library",
      "scope": "optional",
      "platform": "dart",
      "source": "pub.dev",
      "purl": "pkg:pub/local_auth_windows@1.0.11"
    },
    {
      "name": "local_auth_platform_interface",
      "version": "1.0.10",
      "type": "library",
      "scope": "optional",
      "platform": "dart",
      "source": "pub.dev",
      "purl": "pkg:pub/local_auth_platform_interface@1.0.10"
    },
    {
      "name": "local_auth_darwin",
      "version": "1.4.1",
      "type": "library",
      "scope": "optional",
      "platform": "dart",
      "source": "pub.dev",
      "purl": "pkg:pub/local_auth_darwin@1.4.1"
    },
    {
      "name": "intl",
      "version": "0.19.0",
      "type": "library",
      "scope": "optional",
      "platform": "dart",
      "source": "pub.dev",
      "purl": "pkg:pub/intl@0.19.0"
    },
    {
      "name": "local_auth_android",
      "version": "1.0.38",
      "type": "library",
      "scope": "optional",
      "platform": "dart",
      "source": "pub.dev",
      "purl": "pkg:pub/local_auth_android@1.0.38"
    },
    {
      "name": "flutter_plugin_android_lifecycle",
      "version": "2.0.19",
      "type": "library",
      "scope": "optional",
      "platform": "dart",
      "source": "pub.dev",
      "purl": "pkg:pub/flutter_plugin_android_lifecycle@2.0.19"
    },
    {
      "name": "flutter_secure_storage",
      "version": "9.2.4",
      "type": "library",
      "scope": "required",
      "platform": "dart",
      "source": "pub.dev",
      "purl": "pkg:pub/flutter_secure_storage@9.2.4"
    },
    {
      "name": "flutter_secure_storage_windows",
      "version": "3.1.2",
      "type": "library",
      "scope": "optional",
      "platform": "dart",
      "source": "pub.dev",
      "purl": "pkg:pub/flutter_secure_storage_windows@3.1.2"
    },
    {
      "name": "win32",
      "version": "5.5.0",
      "type": "library",
      "scope": "optional",
      "platform": "dart",
      "source": "pub.dev",
      "purl": "pkg:pub/win32@5.5.0"
    },
    {
      "name": "flutter_secure_storage_platform_interface",
      "version": "1.1.2",
      "type": "library",
      "scope": "optional",
      "platform": "dart",
      "source": "pub.dev",
      "purl": "pkg:pub/flutter_secure_storage_platform_interface@1.1.2"
    },
    {
      "name": "flutter_secure_storage_web",
      "version": "1.2.1",
      "type": "library",
      "scope": "optional",
      "platform": "dart",
      "source": "pub.dev",
      "purl": "pkg:pub/flutter_secure_storage_web@1.2.1"
    },
    {
      "name": "js",
      "version": "0.6.7",
      "type": "library",
      "scope": "optional",
      "platform": "dart",
      "source": "pub.dev",
      "purl": "pkg:pub/js@0.6.7"
    },
    {
      "name": "flutter_secure_storage_macos",
      "version": "3.1.3",
      "type": "library",
      "scope": "optional",
      "platform": "dart",
      "source": "pub.dev",
      "purl": "pkg:pub/flutter_secure_storage_macos@3.1.3"
    },
    {
      "name": "flutter_secure_storage_linux",
      "version": "1.2.3",
      "type": "library",
      "scope": "optional",
      "platform": "dart",
      "source": "pub.dev",
      "purl": "pkg:pub/flutter_secure_storage_linux@1.2.3"
    },
    {
      "name": "cryptography",
      "version": "2.7.0",
      "type": "library",
      "scope": "required",
      "platform": "dart",
      "source": "pub.dev",
      "purl": "pkg:pub/cryptography@2.7.0"
    },
    {
      "name": "get_it",
      "version": "7.7.0",
      "type": "library",
      "scope": "required",
      "platform": "dart",
      "source": "pub.dev",
      "purl": "pkg:pub/get_it@7.7.0"
    },
    {
      "name": "dio",
      "version": "5.8.0+1",
      "type": "library",
      "scope": "required",
      "platform": "dart",
      "source": "pub.dev",
      "purl": "pkg:pub/dio@5.8.0+1"
    },
    {
      "name": "dio_web_adapter",
      "version": "2.1.1",
      "type": "library",
      "scope": "optional",
      "platform": "dart",
      "source": "pub.dev",
      "purl": "pkg:pub/dio_web_adapter@2.1.1"
    },
    {
      "name": "http_parser",
      "version": "4.0.2",
      "type": "library",
      "scope": "optional",
      "platform": "dart",
      "source": "pub.dev",
      "purl": "pkg:pub/http_parser@4.0.2"
    },
    {
      "name": "responsive_framework",
      "version": "1.5.1",
      "type": "library",
      "scope": "required",
      "platform": "dart",
      "source": "pub.dev",
      "purl": "pkg:pub/responsive_framework@1.5.1"
    },
    {
      "name": "flutter_screenutil",
      "version": "5.9.3",
      "type": "library",
      "scope": "required",
      "platform": "dart",
      "source": "pub.dev",
      "purl": "pkg:pub/flutter_screenutil@5.9.3"
    },
    {
      "name": "go_router",
      "version": "12.1.3",
      "type": "library",
      "scope": "required",
      "platform": "dart",
      "source": "pub.dev",
      "purl": "pkg:pub/go_router@12.1.3"
    },
    {
      "name": "logging",
      "version": "1.2.0",
      "type": "library",
      "scope": "optional",
      "platform": "dart",
      "source": "pub.dev",
      "purl": "pkg:pub/logging@1.2.0"
    },
    {
      "name": "flutter_bloc",
      "version": "8.1.6",
      "type": "library",
      "scope": "required",
      "platform": "dart",
      "source": "pub.dev",
      "purl": "pkg:pub/flutter_bloc@8.1.6"
    },
    {
      "name": "provider",
      "version": "6.1.5",
      "type": "library",
      "scope": "optional",
      "platform": "dart",
      "source": "pub.dev",
      "purl": "pkg:pub/provider@6.1.5"
    },
    {
      "name": "nested",
      "version": "1.0.0",
      "type": "library",
      "scope": "optional",
      "platform": "dart",
      "source": "pub.dev",
      "purl": "pkg:pub/nested@1.0.0"
    },
    {
      "name": "bloc",
      "version": "8.1.4",
      "type": "library",
      "scope": "optional",
      "platform": "dart",
      "source": "pub.dev",
      "purl": "pkg:pub/bloc@8.1.4"
    },
    {
      "name": "actions/cache",
      "version": "v4",
      "type": "library",
      "scope": "unknown",
      "platform": "unknown",
      "source": "unknown",
      "purl": "pkg:github/actions/cache@v4"
    },
    {
      "name": "actions/checkout",
      "version": "v4",
      "type": "library",
      "scope": "unknown",
      "platform": "unknown",
      "source": "unknown",
      "purl": "pkg:github/actions/checkout@v4"
    },
    {
      "name": "actions/download-artifact",
      "version": "v4.1.8",
      "type": "library",
      "scope": "unknown",
      "platform": "unknown",
      "source": "unknown",
      "purl": "pkg:github/actions/download-artifact@v4.1.8"
    },
    {
      "name": "actions/github-script",
      "version": "v7",
      "type": "library",
      "scope": "unknown",
      "platform": "unknown",
      "source": "unknown",
      "purl": "pkg:github/actions/github-script@v7"
    },
    {
      "name": "actions/upload-artifact",
      "version": "v4",
      "type": "library",
      "scope": "unknown",
      "platform": "unknown",
      "source": "unknown",
      "purl": "pkg:github/actions/upload-artifact@v4"
    },
    {
      "name": "aquasecurity/trivy-action",
      "version": "master",
      "type": "library",
      "scope": "unknown",
      "platform": "unknown",
      "source": "unknown",
      "purl": "pkg:github/aquasecurity/trivy-action@master"
    },
    {
      "name": "async",
      "version": "2.11.0",
      "type": "library",
      "scope": "unknown",
      "platform": "dart",
      "source": "pub.dev",
      "purl": "pkg:pub/async@2.11.0?hosted_url=pub.dev"
    },
    {
      "name": "bloc",
      "version": "8.1.4",
      "type": "library",
      "scope": "unknown",
      "platform": "dart",
      "source": "pub.dev",
      "purl": "pkg:pub/bloc@8.1.4?hosted_url=pub.dev"
    },
    {
      "name": "boolean_selector",
      "version": "2.1.1",
      "type": "library",
      "scope": "unknown",
      "platform": "dart",
      "source": "pub.dev",
      "purl": "pkg:pub/boolean_selector@2.1.1?hosted_url=pub.dev"
    },
    {
      "name": "characters",
      "version": "1.3.0",
      "type": "library",
      "scope": "unknown",
      "platform": "dart",
      "source": "pub.dev",
      "purl": "pkg:pub/characters@1.3.0?hosted_url=pub.dev"
    },
    {
      "name": "clock",
      "version": "1.1.1",
      "type": "library",
      "scope": "unknown",
      "platform": "dart",
      "source": "pub.dev",
      "purl": "pkg:pub/clock@1.1.1?hosted_url=pub.dev"
    },
    {
      "name": "collection",
      "version": "1.18.0",
      "type": "library",
      "scope": "unknown",
      "platform": "dart",
      "source": "pub.dev",
      "purl": "pkg:pub/collection@1.18.0?hosted_url=pub.dev"
    },
    {
      "name": "crypto",
      "version": "3.0.3",
      "type": "library",
      "scope": "unknown",
      "platform": "dart",
      "source": "pub.dev",
      "purl": "pkg:pub/crypto@3.0.3?hosted_url=pub.dev"
    },
    {
      "name": "cryptography",
      "version": "2.7.0",
      "type": "library",
      "scope": "unknown",
      "platform": "dart",
      "source": "pub.dev",
      "purl": "pkg:pub/cryptography@2.7.0?hosted_url=pub.dev"
    },
    {
      "name": "cupertino_icons",
      "version": "1.0.8",
      "type": "library",
      "scope": "unknown",
      "platform": "dart",
      "source": "pub.dev",
      "purl": "pkg:pub/cupertino_icons@1.0.8?hosted_url=pub.dev"
    },
    {
      "name": "dio",
      "version": "5.8.0+1",
      "type": "library",
      "scope": "unknown",
      "platform": "dart",
      "source": "pub.dev",
      "purl": "pkg:pub/dio@5.8.0%2B1?hosted_url=pub.dev"
    },
    {
      "name": "dio_web_adapter",
      "version": "2.1.1",
      "type": "library",
      "scope": "unknown",
      "platform": "dart",
      "source": "pub.dev",
      "purl": "pkg:pub/dio_web_adapter@2.1.1?hosted_url=pub.dev"
    },
    {
      "name": "fake_async",
      "version": "1.3.1",
      "type": "library",
      "scope": "unknown",
      "platform": "dart",
      "source": "pub.dev",
      "purl": "pkg:pub/fake_async@1.3.1?hosted_url=pub.dev"
    },
    {
      "name": "ffi",
      "version": "2.1.3",
      "type": "library",
      "scope": "unknown",
      "platform": "dart",
      "source": "pub.dev",
      "purl": "pkg:pub/ffi@2.1.3?hosted_url=pub.dev"
    },
    {
      "name": "file",
      "version": "7.0.1",
      "type": "library",
      "scope": "unknown",
      "platform": "dart",
      "source": "pub.dev",
      "purl": "pkg:pub/file@7.0.1?hosted_url=pub.dev"
    },
    {
      "name": "flutter",
      "version": "3.19.0",
      "type": "library",
      "scope": "unknown",
      "platform": "dart",
      "source": "pub.dev",
      "purl": "pkg:pub/flutter@3.19.0"
    },
    {
      "name": "flutter_bloc",
      "version": "8.1.6",
      "type": "library",
      "scope": "unknown",
      "platform": "dart",
      "source": "pub.dev",
      "purl": "pkg:pub/flutter_bloc@8.1.6?hosted_url=pub.dev"
    },
    {
      "name": "flutter_lints",
      "version": "3.0.2",
      "type": "library",
      "scope": "unknown",
      "platform": "dart",
      "source": "pub.dev",
      "purl": "pkg:pub/flutter_lints@3.0.2?hosted_url=pub.dev"
    },
    {
      "name": "flutter_plugin_android_lifecycle",
      "version": "2.0.19",
      "type": "library",
      "scope": "unknown",
      "platform": "dart",
      "source": "pub.dev",
      "purl": "pkg:pub/flutter_plugin_android_lifecycle@2.0.19?hosted_url=pub.dev"
    },
    {
      "name": "flutter_screenutil",
      "version": "5.9.3",
      "type": "library",
      "scope": "unknown",
      "platform": "dart",
      "source": "pub.dev",
      "purl": "pkg:pub/flutter_screenutil@5.9.3?hosted_url=pub.dev"
    },
    {
      "name": "flutter_secure_storage",
      "version": "9.2.4",
      "type": "library",
      "scope": "unknown",
      "platform": "dart",
      "source": "pub.dev",
      "purl": "pkg:pub/flutter_secure_storage@9.2.4?hosted_url=pub.dev"
    },
    {
      "name": "flutter_secure_storage_linux",
      "version": "1.2.3",
      "type": "library",
      "scope": "unknown",
      "platform": "dart",
      "source": "pub.dev",
      "purl": "pkg:pub/flutter_secure_storage_linux@1.2.3?hosted_url=pub.dev"
    },
    {
      "name": "flutter_secure_storage_macos",
      "version": "3.1.3",
      "type": "library",
      "scope": "unknown",
      "platform": "dart",
      "source": "pub.dev",
      "purl": "pkg:pub/flutter_secure_storage_macos@3.1.3?hosted_url=pub.dev"
    },
    {
      "name": "flutter_secure_storage_platform_interface",
      "version": "1.1.2",
      "type": "library",
      "scope": "unknown",
      "platform": "dart",
      "source": "pub.dev",
      "purl": "pkg:pub/flutter_secure_storage_platform_interface@1.1.2?hosted_url=pub.dev"
    },
    {
      "name": "flutter_secure_storage_web",
      "version": "1.2.1",
      "type": "library",
      "scope": "unknown",
      "platform": "dart",
      "source": "pub.dev",
      "purl": "pkg:pub/flutter_secure_storage_web@1.2.1?hosted_url=pub.dev"
    },
    {
      "name": "flutter_secure_storage_windows",
      "version": "3.1.2",
      "type": "library",
      "scope": "unknown",
      "platform": "dart",
      "source": "pub.dev",
      "purl": "pkg:pub/flutter_secure_storage_windows@3.1.2?hosted_url=pub.dev"
    },
    {
      "name": "flutter_test",
      "version": "3.19.0",
      "type": "library",
      "scope": "unknown",
      "platform": "dart",
      "source": "pub.dev",
      "purl": "pkg:pub/flutter_test@3.19.0"
    },
    {
      "name": "flutter_web_plugins",
      "version": "3.19.0",
      "type": "library",
      "scope": "unknown",
      "platform": "dart",
      "source": "pub.dev",
      "purl": "pkg:pub/flutter_web_plugins@3.19.0"
    },
    {
      "name": "get_it",
      "version": "7.7.0",
      "type": "library",
      "scope": "unknown",
      "platform": "dart",
      "source": "pub.dev",
      "purl": "pkg:pub/get_it@7.7.0?hosted_url=pub.dev"
    },
    {
      "name": "github/codeql-action/upload-sarif",
      "version": "v3",
      "type": "library",
      "scope": "unknown",
      "platform": "unknown",
      "source": "unknown",
      "purl": "pkg:github/github/codeql-action@v3#upload-sarif"
    },
    {
      "name": "go_router",
      "version": "12.1.3",
      "type": "library",
      "scope": "unknown",
      "platform": "dart",
      "source": "pub.dev",
      "purl": "pkg:pub/go_router@12.1.3?hosted_url=pub.dev"
    },
    {
      "name": "hive",
      "version": "2.2.3",
      "type": "library",
      "scope": "unknown",
      "platform": "dart",
      "source": "pub.dev",
      "purl": "pkg:pub/hive@2.2.3?hosted_url=pub.dev"
    },
    {
      "name": "hive_flutter",
      "version": "1.1.0",
      "type": "library",
      "scope": "unknown",
      "platform": "dart",
      "source": "pub.dev",
      "purl": "pkg:pub/hive_flutter@1.1.0?hosted_url=pub.dev"
    },
    {
      "name": "http_parser",
      "version": "4.0.2",
      "type": "library",
      "scope": "unknown",
      "platform": "dart",
      "source": "pub.dev",
      "purl": "pkg:pub/http_parser@4.0.2?hosted_url=pub.dev"
    },
    {
      "name": "intl",
      "version": "0.19.0",
      "type": "library",
      "scope": "unknown",
      "platform": "dart",
      "source": "pub.dev",
      "purl": "pkg:pub/intl@0.19.0?hosted_url=pub.dev"
    },
    {
      "name": "js",
      "version": "0.6.7",
      "type": "library",
      "scope": "unknown",
      "platform": "dart",
      "source": "pub.dev",
      "purl": "pkg:pub/js@0.6.7?hosted_url=pub.dev"
    },
    {
      "name": "leak_tracker",
      "version": "10.0.0",
      "type": "library",
      "scope": "unknown",
      "platform": "dart",
      "source": "pub.dev",
      "purl": "pkg:pub/leak_tracker@10.0.0?hosted_url=pub.dev"
    },
    {
      "name": "leak_tracker_flutter_testing",
      "version": "2.0.1",
      "type": "library",
      "scope": "unknown",
      "platform": "dart",
      "source": "pub.dev",
      "purl": "pkg:pub/leak_tracker_flutter_testing@2.0.1?hosted_url=pub.dev"
    },
    {
      "name": "leak_tracker_testing",
      "version": "2.0.1",
      "type": "library",
      "scope": "unknown",
      "platform": "dart",
      "source": "pub.dev",
      "purl": "pkg:pub/leak_tracker_testing@2.0.1?hosted_url=pub.dev"
    },
    {
      "name": "lints",
      "version": "3.0.0",
      "type": "library",
      "scope": "unknown",
      "platform": "dart",
      "source": "pub.dev",
      "purl": "pkg:pub/lints@3.0.0?hosted_url=pub.dev"
    },
    {
      "name": "local_auth",
      "version": "2.3.0",
      "type": "library",
      "scope": "unknown",
      "platform": "dart",
      "source": "pub.dev",
      "purl": "pkg:pub/local_auth@2.3.0?hosted_url=pub.dev"
    },
    {
      "name": "local_auth_android",
      "version": "1.0.38",
      "type": "library",
      "scope": "unknown",
      "platform": "dart",
      "source": "pub.dev",
      "purl": "pkg:pub/local_auth_android@1.0.38?hosted_url=pub.dev"
    },
    {
      "name": "local_auth_darwin",
      "version": "1.4.1",
      "type": "library",
      "scope": "unknown",
      "platform": "dart",
      "source": "pub.dev",
      "purl": "pkg:pub/local_auth_darwin@1.4.1?hosted_url=pub.dev"
    },
    {
      "name": "local_auth_platform_interface",
      "version": "1.0.10",
      "type": "library",
      "scope": "unknown",
      "platform": "dart",
      "source": "pub.dev",
      "purl": "pkg:pub/local_auth_platform_interface@1.0.10?hosted_url=pub.dev"
    },
    {
      "name": "local_auth_windows",
      "version": "1.0.11",
      "type": "library",
      "scope": "unknown",
      "platform": "dart",
      "source": "pub.dev",
      "purl": "pkg:pub/local_auth_windows@1.0.11?hosted_url=pub.dev"
    },
    {
      "name": "logging",
      "version": "1.2.0",
      "type": "library",
      "scope": "unknown",
      "platform": "dart",
      "source": "pub.dev",
      "purl": "pkg:pub/logging@1.2.0?hosted_url=pub.dev"
    },
    {
      "name": "matcher",
      "version": "0.12.16+1",
      "type": "library",
      "scope": "unknown",
      "platform": "dart",
      "source": "pub.dev",
      "purl": "pkg:pub/matcher@0.12.16%2B1?hosted_url=pub.dev"
    },
    {
      "name": "material_color_utilities",
      "version": "0.8.0",
      "type": "library",
      "scope": "unknown",
      "platform": "dart",
      "source": "pub.dev",
      "purl": "pkg:pub/material_color_utilities@0.8.0?hosted_url=pub.dev"
    },
    {
      "name": "medusa_app",
      "version": "1.0.0+1",
      "type": "library",
      "scope": "unknown",
      "platform": "dart",
      "source": "pub.dev",
      "purl": "pkg:pub/medusa_app@1.0.0%2B1"
    },
    {
      "name": "meta",
      "version": "1.11.0",
      "type": "library",
      "scope": "unknown",
      "platform": "dart",
      "source": "pub.dev",
      "purl": "pkg:pub/meta@1.11.0?hosted_url=pub.dev"
    },
    {
      "name": "nested",
      "version": "1.0.0",
      "type": "library",
      "scope": "unknown",
      "platform": "dart",
      "source": "pub.dev",
      "purl": "pkg:pub/nested@1.0.0?hosted_url=pub.dev"
    },
    {
      "name": "path",
      "version": "1.9.0",
      "type": "library",
      "scope": "unknown",
      "platform": "dart",
      "source": "pub.dev",
      "purl": "pkg:pub/path@1.9.0?hosted_url=pub.dev"
    },
    {
      "name": "path_provider",
      "version": "2.1.4",
      "type": "library",
      "scope": "unknown",
      "platform": "dart",
      "source": "pub.dev",
      "purl": "pkg:pub/path_provider@2.1.4?hosted_url=pub.dev"
    },
    {
      "name": "path_provider_android",
      "version": "2.2.4",
      "type": "library",
      "scope": "unknown",
      "platform": "dart",
      "source": "pub.dev",
      "purl": "pkg:pub/path_provider_android@2.2.4?hosted_url=pub.dev"
    },
    {
      "name": "path_provider_foundation",
      "version": "2.4.1",
      "type": "library",
      "scope": "unknown",
      "platform": "dart",
      "source": "pub.dev",
      "purl": "pkg:pub/path_provider_foundation@2.4.1?hosted_url=pub.dev"
    },
    {
      "name": "path_provider_linux",
      "version": "2.2.1",
      "type": "library",
      "scope": "unknown",
      "platform": "dart",
      "source": "pub.dev",
      "purl": "pkg:pub/path_provider_linux@2.2.1?hosted_url=pub.dev"
    },
    {
      "name": "path_provider_platform_interface",
      "version": "2.1.2",
      "type": "library",
      "scope": "unknown",
      "platform": "dart",
      "source": "pub.dev",
      "purl": "pkg:pub/path_provider_platform_interface@2.1.2?hosted_url=pub.dev"
    },
    {
      "name": "path_provider_windows",
      "version": "2.3.0",
      "type": "library",
      "scope": "unknown",
      "platform": "dart",
      "source": "pub.dev",
      "purl": "pkg:pub/path_provider_windows@2.3.0?hosted_url=pub.dev"
    },
    {
      "name": "platform",
      "version": "3.1.6",
      "type": "library",
      "scope": "unknown",
      "platform": "dart",
      "source": "pub.dev",
      "purl": "pkg:pub/platform@3.1.6?hosted_url=pub.dev"
    },
    {
      "name": "plugin_platform_interface",
      "version": "2.1.8",
      "type": "library",
      "scope": "unknown",
      "platform": "dart",
      "source": "pub.dev",
      "purl": "pkg:pub/plugin_platform_interface@2.1.8?hosted_url=pub.dev"
    },
    {
      "name": "provider",
      "version": "6.1.5",
      "type": "library",
      "scope": "unknown",
      "platform": "dart",
      "source": "pub.dev",
      "purl": "pkg:pub/provider@6.1.5?hosted_url=pub.dev"
    },
    {
      "name": "responsive_framework",
      "version": "1.5.1",
      "type": "library",
      "scope": "unknown",
      "platform": "dart",
      "source": "pub.dev",
      "purl": "pkg:pub/responsive_framework@1.5.1?hosted_url=pub.dev"
    },
    {
      "name": "shared_preferences",
      "version": "2.2.3",
      "type": "library",
      "scope": "unknown",
      "platform": "dart",
      "source": "pub.dev",
      "purl": "pkg:pub/shared_preferences@2.2.3?hosted_url=pub.dev"
    },
    {
      "name": "shared_preferences_android",
      "version": "2.2.2",
      "type": "library",
      "scope": "unknown",
      "platform": "dart",
      "source": "pub.dev",
      "purl": "pkg:pub/shared_preferences_android@2.2.2?hosted_url=pub.dev"
    },
    {
      "name": "shared_preferences_foundation",
      "version": "2.5.3",
      "type": "library",
      "scope": "unknown",
      "platform": "dart",
      "source": "pub.dev",
      "purl": "pkg:pub/shared_preferences_foundation@2.5.3?hosted_url=pub.dev"
    },
    {
      "name": "shared_preferences_linux",
      "version": "2.4.1",
      "type": "library",
      "scope": "unknown",
      "platform": "dart",
      "source": "pub.dev",
      "purl": "pkg:pub/shared_preferences_linux@2.4.1?hosted_url=pub.dev"
    },
    {
      "name": "shared_preferences_platform_interface",
      "version": "2.4.1",
      "type": "library",
      "scope": "unknown",
      "platform": "dart",
      "source": "pub.dev",
      "purl": "pkg:pub/shared_preferences_platform_interface@2.4.1?hosted_url=pub.dev"
    },
    {
      "name": "shared_preferences_web",
      "version": "2.4.1",
      "type": "library",
      "scope": "unknown",
      "platform": "dart",
      "source": "pub.dev",
      "purl": "pkg:pub/shared_preferences_web@2.4.1?hosted_url=pub.dev"
    },
    {
      "name": "shared_preferences_windows",
      "version": "2.4.1",
      "type": "library",
      "scope": "unknown",
      "platform": "dart",
      "source": "pub.dev",
      "purl": "pkg:pub/shared_preferences_windows@2.4.1?hosted_url=pub.dev"
    },
    {
      "name": "source_span",
      "version": "1.10.0",
      "type": "library",
      "scope": "unknown",
      "platform": "dart",
      "source": "pub.dev",
      "purl": "pkg:pub/source_span@1.10.0?hosted_url=pub.dev"
    },
    {
      "name": "stack_trace",
      "version": "1.11.1",
      "type": "library",
      "scope": "unknown",
      "platform": "dart",
      "source": "pub.dev",
      "purl": "pkg:pub/stack_trace@1.11.1?hosted_url=pub.dev"
    },
    {
      "name": "stream_channel",
      "version": "2.1.2",
      "type": "library",
      "scope": "unknown",
      "platform": "dart",
      "source": "pub.dev",
      "purl": "pkg:pub/stream_channel@2.1.2?hosted_url=pub.dev"
    },
    {
      "name": "string_scanner",
      "version": "1.2.0",
      "type": "library",
      "scope": "unknown",
      "platform": "dart",
      "source": "pub.dev",
      "purl": "pkg:pub/string_scanner@1.2.0?hosted_url=pub.dev"
    },
    {
      "name": "subosito/flutter-action",
      "version": "v2",
      "type": "library",
      "scope": "unknown",
      "platform": "unknown",
      "source": "unknown",
      "purl": "pkg:github/subosito/flutter-action@v2"
    },
    {
      "name": "term_glyph",
      "version": "1.2.1",
      "type": "library",
      "scope": "unknown",
      "platform": "dart",
      "source": "pub.dev",
      "purl": "pkg:pub/term_glyph@1.2.1?hosted_url=pub.dev"
    },
    {
      "name": "test_api",
      "version": "0.6.1",
      "type": "library",
      "scope": "unknown",
      "platform": "dart",
      "source": "pub.dev",
      "purl": "pkg:pub/test_api@0.6.1?hosted_url=pub.dev"
    },
    {
      "name": "typed_data",
      "version": "1.3.2",
      "type": "library",
      "scope": "unknown",
      "platform": "dart",
      "source": "pub.dev",
      "purl": "pkg:pub/typed_data@1.3.2?hosted_url=pub.dev"
    },
    {
      "name": "vector_math",
      "version": "2.1.4",
      "type": "library",
      "scope": "unknown",
      "platform": "dart",
      "source": "pub.dev",
      "purl": "pkg:pub/vector_math@2.1.4?hosted_url=pub.dev"
    },
    {
      "name": "vm_service",
      "version": "13.0.0",
      "type": "library",
      "scope": "unknown",
      "platform": "dart",
      "source": "pub.dev",
      "purl": "pkg:pub/vm_service@13.0.0?hosted_url=pub.dev"
    },
    {
      "name": "web",
      "version": "0.5.1",
      "type": "library",
      "scope": "unknown",
      "platform": "dart",
      "source": "pub.dev",
      "purl": "pkg:pub/web@0.5.1?hosted_url=pub.dev"
    },
    {
      "name": "win32",
      "version": "5.5.0",
      "type": "library",
      "scope": "unknown",
      "platform": "dart",
      "source": "pub.dev",
      "purl": "pkg:pub/win32@5.5.0?hosted_url=pub.dev"
    },
    {
      "name": "xdg_directories",
      "version": "1.1.0",
      "type": "library",
      "scope": "unknown",
      "platform": "dart",
      "source": "pub.dev",
      "purl": "pkg:pub/xdg_directories@1.1.0?hosted_url=pub.dev"
    }
  ]
}