{
  "bomFormat": "CycloneDX",
  "specVersion": "1.4",
  "serialNumber": "urn:uuid:1753892736896",
  "version": 1,
  "metadata": {
    "timestamp": "2025-07-30T16:25:36.896128",
    "tools": [
      {
        "vendor": "Flutter",
        "name": "flutter",
        "version": "3.19.0"
      },
      {
        "vendor": "Dart",
        "name": "dart",
        "version": "unknown"
      }
    ],
    "component": {
      "type": "application",
      "bom-ref": "medusa_app",
      "name": "medusa_app",
      "version": "1.0.0",
      "description": "A medical device management application for healthcare professionals.",
      "licenses": [],
      "properties": [
        {
          "name": "flutter:version",
          "value": "3.19.0"
        },
        {
          "name": "dart:version",
          "value": "unknown"
        },
        {
          "name": "build:platforms",
          "value": "{}"
        }
      ]
    }
  },
  "components": [
    {
      "type": "library",
      "bom-ref": "pkg:pub/flutter_lints@3.0.2",
      "name": "flutter_lints",
      "version": "3.0.2",
      "purl": "pkg:pub/flutter_lints@3.0.2",
      "scope": "optional",
      "properties": [
        {
          "name": "dependency:type",
          "value": "dev"
        },
        {
          "name": "dependency:source",
          "value": "hosted"
        }
      ]
    },
    {
      "type": "library",
      "bom-ref": "pkg:pub/lints@3.0.0",
      "name": "lints",
      "version": "3.0.0",
      "purl": "pkg:pub/lints@3.0.0",
      "scope": "optional",
      "properties": [
        {
          "name": "dependency:type",
          "value": "transitive"
        },
        {
          "name": "dependency:source",
          "value": "hosted"
        }
      ]
    },
    {
      "type": "library",
      "bom-ref": "pkg:pub/flutter_test@0.0.0",
      "name": "flutter_test",
      "version": "0.0.0",
      "purl": "pkg:pub/flutter_test@0.0.0",
      "scope": "optional",
      "properties": [
        {
          "name": "dependency:type",
          "value": "dev"
        },
        {
          "name": "dependency:source",
          "value": "sdk"
        }
      ]
    },
    {
      "type": "library",
      "bom-ref": "pkg:pub/vm_service@13.0.0",
      "name": "vm_service",
      "version": "13.0.0",
      "purl": "pkg:pub/vm_service@13.0.0",
      "scope": "optional",
      "properties": [
        {
          "name": "dependency:type",
          "value": "transitive"
        },
        {
          "name": "dependency:source",
          "value": "hosted"
        }
      ]
    },
    {
      "type": "library",
      "bom-ref": "pkg:pub/term_glyph@1.2.1",
      "name": "term_glyph",
      "version": "1.2.1",
      "purl": "pkg:pub/term_glyph@1.2.1",
      "scope": "optional",
      "properties": [
        {
          "name": "dependency:type",
          "value": "transitive"
        },
        {
          "name": "dependency:source",
          "value": "hosted"
        }
      ]
    },
    {
      "type": "library",
      "bom-ref": "pkg:pub/string_scanner@1.2.0",
      "name": "string_scanner",
      "version": "1.2.0",
      "purl": "pkg:pub/string_scanner@1.2.0",
      "scope": "optional",
      "properties": [
        {
          "name": "dependency:type",
          "value": "transitive"
        },
        {
          "name": "dependency:source",
          "value": "hosted"
        }
      ]
    },
    {
      "type": "library",
      "bom-ref": "pkg:pub/source_span@1.10.0",
      "name": "source_span",
      "version": "1.10.0",
      "purl": "pkg:pub/source_span@1.10.0",
      "scope": "optional",
      "properties": [
        {
          "name": "dependency:type",
          "value": "transitive"
        },
        {
          "name": "dependency:source",
          "value": "hosted"
        }
      ]
    },
    {
      "type": "library",
      "bom-ref": "pkg:pub/path@1.9.0",
      "name": "path",
      "version": "1.9.0",
      "purl": "pkg:pub/path@1.9.0",
      "scope": "optional",
      "properties": [
        {
          "name": "dependency:type",
          "value": "transitive"
        },
        {
          "name": "dependency:source",
          "value": "hosted"
        }
      ]
    },
    {
      "type": "library",
      "bom-ref": "pkg:pub/collection@1.18.0",
      "name": "collection",
      "version": "1.18.0",
      "purl": "pkg:pub/collection@1.18.0",
      "scope": "optional",
      "properties": [
        {
          "name": "dependency:type",
          "value": "transitive"
        },
        {
          "name": "dependency:source",
          "value": "hosted"
        }
      ]
    },
    {
      "type": "library",
      "bom-ref": "pkg:pub/stream_channel@2.1.2",
      "name": "stream_channel",
      "version": "2.1.2",
      "purl": "pkg:pub/stream_channel@2.1.2",
      "scope": "optional",
      "properties": [
        {
          "name": "dependency:type",
          "value": "transitive"
        },
        {
          "name": "dependency:source",
          "value": "hosted"
        }
      ]
    },
    {
      "type": "library",
      "bom-ref": "pkg:pub/async@2.11.0",
      "name": "async",
      "version": "2.11.0",
      "purl": "pkg:pub/async@2.11.0",
      "scope": "optional",
      "properties": [
        {
          "name": "dependency:type",
          "value": "transitive"
        },
        {
          "name": "dependency:source",
          "value": "hosted"
        }
      ]
    },
    {
      "type": "library",
      "bom-ref": "pkg:pub/meta@1.11.0",
      "name": "meta",
      "version": "1.11.0",
      "purl": "pkg:pub/meta@1.11.0",
      "scope": "optional",
      "properties": [
        {
          "name": "dependency:type",
          "value": "transitive"
        },
        {
          "name": "dependency:source",
          "value": "hosted"
        }
      ]
    },
    {
      "type": "library",
      "bom-ref": "pkg:pub/material_color_utilities@0.8.0",
      "name": "material_color_utilities",
      "version": "0.8.0",
      "purl": "pkg:pub/material_color_utilities@0.8.0",
      "scope": "optional",
      "properties": [
        {
          "name": "dependency:type",
          "value": "transitive"
        },
        {
          "name": "dependency:source",
          "value": "hosted"
        }
      ]
    },
    {
      "type": "library",
      "bom-ref": "pkg:pub/leak_tracker_testing@2.0.1",
      "name": "leak_tracker_testing",
      "version": "2.0.1",
      "purl": "pkg:pub/leak_tracker_testing@2.0.1",
      "scope": "optional",
      "properties": [
        {
          "name": "dependency:type",
          "value": "transitive"
        },
        {
          "name": "dependency:source",
          "value": "hosted"
        }
      ]
    },
    {
      "type": "library",
      "bom-ref": "pkg:pub/matcher@0.12.16+1",
      "name": "matcher",
      "version": "0.12.16+1",
      "purl": "pkg:pub/matcher@0.12.16+1",
      "scope": "optional",
      "properties": [
        {
          "name": "dependency:type",
          "value": "transitive"
        },
        {
          "name": "dependency:source",
          "value": "hosted"
        }
      ]
    },
    {
      "type": "library",
      "bom-ref": "pkg:pub/test_api@0.6.1",
      "name": "test_api",
      "version": "0.6.1",
      "purl": "pkg:pub/test_api@0.6.1",
      "scope": "optional",
      "properties": [
        {
          "name": "dependency:type",
          "value": "transitive"
        },
        {
          "name": "dependency:source",
          "value": "hosted"
        }
      ]
    },
    {
      "type": "library",
      "bom-ref": "pkg:pub/stack_trace@1.11.1",
      "name": "stack_trace",
      "version": "1.11.1",
      "purl": "pkg:pub/stack_trace@1.11.1",
      "scope": "optional",
      "properties": [
        {
          "name": "dependency:type",
          "value": "transitive"
        },
        {
          "name": "dependency:source",
          "value": "hosted"
        }
      ]
    },
    {
      "type": "library",
      "bom-ref": "pkg:pub/boolean_selector@2.1.1",
      "name": "boolean_selector",
      "version": "2.1.1",
      "purl": "pkg:pub/boolean_selector@2.1.1",
      "scope": "optional",
      "properties": [
        {
          "name": "dependency:type",
          "value": "transitive"
        },
        {
          "name": "dependency:source",
          "value": "hosted"
        }
      ]
    },
    {
      "type": "library",
      "bom-ref": "pkg:pub/leak_tracker@10.0.0",
      "name": "leak_tracker",
      "version": "10.0.0",
      "purl": "pkg:pub/leak_tracker@10.0.0",
      "scope": "optional",
      "properties": [
        {
          "name": "dependency:type",
          "value": "transitive"
        },
        {
          "name": "dependency:source",
          "value": "hosted"
        }
      ]
    },
    {
      "type": "library",
      "bom-ref": "pkg:pub/clock@1.1.1",
      "name": "clock",
      "version": "1.1.1",
      "purl": "pkg:pub/clock@1.1.1",
      "scope": "optional",
      "properties": [
        {
          "name": "dependency:type",
          "value": "transitive"
        },
        {
          "name": "dependency:source",
          "value": "hosted"
        }
      ]
    },
    {
      "type": "library",
      "bom-ref": "pkg:pub/characters@1.3.0",
      "name": "characters",
      "version": "1.3.0",
      "purl": "pkg:pub/characters@1.3.0",
      "scope": "optional",
      "properties": [
        {
          "name": "dependency:type",
          "value": "transitive"
        },
        {
          "name": "dependency:source",
          "value": "hosted"
        }
      ]
    },
    {
      "type": "library",
      "bom-ref": "pkg:pub/leak_tracker_flutter_testing@2.0.1",
      "name": "leak_tracker_flutter_testing",
      "version": "2.0.1",
      "purl": "pkg:pub/leak_tracker_flutter_testing@2.0.1",
      "scope": "optional",
      "properties": [
        {
          "name": "dependency:type",
          "value": "transitive"
        },
        {
          "name": "dependency:source",
          "value": "hosted"
        }
      ]
    },
    {
      "type": "library",
      "bom-ref": "pkg:pub/flutter@0.0.0",
      "name": "flutter",
      "version": "0.0.0",
      "purl": "pkg:pub/flutter@0.0.0",
      "scope": "required",
      "properties": [
        {
          "name": "dependency:type",
          "value": "direct"
        },
        {
          "name": "dependency:source",
          "value": "sdk"
        }
      ]
    },
    {
      "type": "library",
      "bom-ref": "pkg:pub/sky_engine@0.0.99",
      "name": "sky_engine",
      "version": "0.0.99",
      "purl": "pkg:pub/sky_engine@0.0.99",
      "scope": "optional",
      "properties": [
        {
          "name": "dependency:type",
          "value": "transitive"
        },
        {
          "name": "dependency:source",
          "value": "sdk"
        }
      ]
    },
    {
      "type": "library",
      "bom-ref": "pkg:pub/vector_math@2.1.4",
      "name": "vector_math",
      "version": "2.1.4",
      "purl": "pkg:pub/vector_math@2.1.4",
      "scope": "optional",
      "properties": [
        {
          "name": "dependency:type",
          "value": "transitive"
        },
        {
          "name": "dependency:source",
          "value": "hosted"
        }
      ]
    },
    {
      "type": "library",
      "bom-ref": "pkg:pub/fake_async@1.3.1",
      "name": "fake_async",
      "version": "1.3.1",
      "purl": "pkg:pub/fake_async@1.3.1",
      "scope": "optional",
      "properties": [
        {
          "name": "dependency:type",
          "value": "transitive"
        },
        {
          "name": "dependency:source",
          "value": "hosted"
        }
      ]
    },
    {
      "type": "library",
      "bom-ref": "pkg:pub/cupertino_icons@1.0.8",
      "name": "cupertino_icons",
      "version": "1.0.8",
      "purl": "pkg:pub/cupertino_icons@1.0.8",
      "scope": "required",
      "properties": [
        {
          "name": "dependency:type",
          "value": "direct"
        },
        {
          "name": "dependency:source",
          "value": "hosted"
        }
      ]
    },
    {
      "type": "library",
      "bom-ref": "pkg:pub/shared_preferences@2.2.3",
      "name": "shared_preferences",
      "version": "2.2.3",
      "purl": "pkg:pub/shared_preferences@2.2.3",
      "scope": "required",
      "properties": [
        {
          "name": "dependency:type",
          "value": "direct"
        },
        {
          "name": "dependency:source",
          "value": "hosted"
        }
      ]
    },
    {
      "type": "library",
      "bom-ref": "pkg:pub/shared_preferences_windows@2.4.1",
      "name": "shared_preferences_windows",
      "version": "2.4.1",
      "purl": "pkg:pub/shared_preferences_windows@2.4.1",
      "scope": "optional",
      "properties": [
        {
          "name": "dependency:type",
          "value": "transitive"
        },
        {
          "name": "dependency:source",
          "value": "hosted"
        }
      ]
    },
    {
      "type": "library",
      "bom-ref": "pkg:pub/shared_preferences_platform_interface@2.4.1",
      "name": "shared_preferences_platform_interface",
      "version": "2.4.1",
      "purl": "pkg:pub/shared_preferences_platform_interface@2.4.1",
      "scope": "optional",
      "properties": [
        {
          "name": "dependency:type",
          "value": "transitive"
        },
        {
          "name": "dependency:source",
          "value": "hosted"
        }
      ]
    },
    {
      "type": "library",
      "bom-ref": "pkg:pub/plugin_platform_interface@2.1.8",
      "name": "plugin_platform_interface",
      "version": "2.1.8",
      "purl": "pkg:pub/plugin_platform_interface@2.1.8",
      "scope": "optional",
      "properties": [
        {
          "name": "dependency:type",
          "value": "transitive"
        },
        {
          "name": "dependency:source",
          "value": "hosted"
        }
      ]
    },
    {
      "type": "library",
      "bom-ref": "pkg:pub/path_provider_windows@2.3.0",
      "name": "path_provider_windows",
      "version": "2.3.0",
      "purl": "pkg:pub/path_provider_windows@2.3.0",
      "scope": "optional",
      "properties": [
        {
          "name": "dependency:type",
          "value": "transitive"
        },
        {
          "name": "dependency:source",
          "value": "hosted"
        }
      ]
    },
    {
      "type": "library",
      "bom-ref": "pkg:pub/path_provider_platform_interface@2.1.2",
      "name": "path_provider_platform_interface",
      "version": "2.1.2",
      "purl": "pkg:pub/path_provider_platform_interface@2.1.2",
      "scope": "optional",
      "properties": [
        {
          "name": "dependency:type",
          "value": "transitive"
        },
        {
          "name": "dependency:source",
          "value": "hosted"
        }
      ]
    },
    {
      "type": "library",
      "bom-ref": "pkg:pub/platform@3.1.6",
      "name": "platform",
      "version": "3.1.6",
      "purl": "pkg:pub/platform@3.1.6",
      "scope": "optional",
      "properties": [
        {
          "name": "dependency:type",
          "value": "transitive"
        },
        {
          "name": "dependency:source",
          "value": "hosted"
        }
      ]
    },
    {
      "type": "library",
      "bom-ref": "pkg:pub/ffi@2.1.3",
      "name": "ffi",
      "version": "2.1.3",
      "purl": "pkg:pub/ffi@2.1.3",
      "scope": "optional",
      "properties": [
        {
          "name": "dependency:type",
          "value": "transitive"
        },
        {
          "name": "dependency:source",
          "value": "hosted"
        }
      ]
    },
    {
      "type": "library",
      "bom-ref": "pkg:pub/file@7.0.1",
      "name": "file",
      "version": "7.0.1",
      "purl": "pkg:pub/file@7.0.1",
      "scope": "optional",
      "properties": [
        {
          "name": "dependency:type",
          "value": "transitive"
        },
        {
          "name": "dependency:source",
          "value": "hosted"
        }
      ]
    },
    {
      "type": "library",
      "bom-ref": "pkg:pub/shared_preferences_web@2.4.1",
      "name": "shared_preferences_web",
      "version": "2.4.1",
      "purl": "pkg:pub/shared_preferences_web@2.4.1",
      "scope": "optional",
      "properties": [
        {
          "name": "dependency:type",
          "value": "transitive"
        },
        {
          "name": "dependency:source",
          "value": "hosted"
        }
      ]
    },
    {
      "type": "library",
      "bom-ref": "pkg:pub/web@0.5.1",
      "name": "web",
      "version": "0.5.1",
      "purl": "pkg:pub/web@0.5.1",
      "scope": "optional",
      "properties": [
        {
          "name": "dependency:type",
          "value": "transitive"
        },
        {
          "name": "dependency:source",
          "value": "hosted"
        }
      ]
    },
    {
      "type": "library",
      "bom-ref": "pkg:pub/flutter_web_plugins@0.0.0",
      "name": "flutter_web_plugins",
      "version": "0.0.0",
      "purl": "pkg:pub/flutter_web_plugins@0.0.0",
      "scope": "optional",
      "properties": [
        {
          "name": "dependency:type",
          "value": "transitive"
        },
        {
          "name": "dependency:source",
          "value": "sdk"
        }
      ]
    },
    {
      "type": "library",
      "bom-ref": "pkg:pub/shared_preferences_linux@2.4.1",
      "name": "shared_preferences_linux",
      "version": "2.4.1",
      "purl": "pkg:pub/shared_preferences_linux@2.4.1",
      "scope": "optional",
      "properties": [
        {
          "name": "dependency:type",
          "value": "transitive"
        },
        {
          "name": "dependency:source",
          "value": "hosted"
        }
      ]
    },
    {
      "type": "library",
      "bom-ref": "pkg:pub/path_provider_linux@2.2.1",
      "name": "path_provider_linux",
      "version": "2.2.1",
      "purl": "pkg:pub/path_provider_linux@2.2.1",
      "scope": "optional",
      "properties": [
        {
          "name": "dependency:type",
          "value": "transitive"
        },
        {
          "name": "dependency:source",
          "value": "hosted"
        }
      ]
    },
    {
      "type": "library",
      "bom-ref": "pkg:pub/xdg_directories@1.1.0",
      "name": "xdg_directories",
      "version": "1.1.0",
      "purl": "pkg:pub/xdg_directories@1.1.0",
      "scope": "optional",
      "properties": [
        {
          "name": "dependency:type",
          "value": "transitive"
        },
        {
          "name": "dependency:source",
          "value": "hosted"
        }
      ]
    },
    {
      "type": "library",
      "bom-ref": "pkg:pub/shared_preferences_foundation@2.5.3",
      "name": "shared_preferences_foundation",
      "version": "2.5.3",
      "purl": "pkg:pub/shared_preferences_foundation@2.5.3",
      "scope": "optional",
      "properties": [
        {
          "name": "dependency:type",
          "value": "transitive"
        },
        {
          "name": "dependency:source",
          "value": "hosted"
        }
      ]
    },
    {
      "type": "library",
      "bom-ref": "pkg:pub/shared_preferences_android@2.2.2",
      "name": "shared_preferences_android",
      "version": "2.2.2",
      "purl": "pkg:pub/shared_preferences_android@2.2.2",
      "scope": "optional",
      "properties": [
        {
          "name": "dependency:type",
          "value": "transitive"
        },
        {
          "name": "dependency:source",
          "value": "hosted"
        }
      ]
    },
    {
      "type": "library",
      "bom-ref": "pkg:pub/hive_flutter@1.1.0",
      "name": "hive_flutter",
      "version": "1.1.0",
      "purl": "pkg:pub/hive_flutter@1.1.0",
      "scope": "required",
      "properties": [
        {
          "name": "dependency:type",
          "value": "direct"
        },
        {
          "name": "dependency:source",
          "value": "hosted"
        }
      ]
    },
    {
      "type": "library",
      "bom-ref": "pkg:pub/path_provider@2.1.4",
      "name": "path_provider",
      "version": "2.1.4",
      "purl": "pkg:pub/path_provider@2.1.4",
      "scope": "optional",
      "properties": [
        {
          "name": "dependency:type",
          "value": "transitive"
        },
        {
          "name": "dependency:source",
          "value": "hosted"
        }
      ]
    },
    {
      "type": "library",
      "bom-ref": "pkg:pub/path_provider_foundation@2.4.1",
      "name": "path_provider_foundation",
      "version": "2.4.1",
      "purl": "pkg:pub/path_provider_foundation@2.4.1",
      "scope": "optional",
      "properties": [
        {
          "name": "dependency:type",
          "value": "transitive"
        },
        {
          "name": "dependency:source",
          "value": "hosted"
        }
      ]
    },
    {
      "type": "library",
      "bom-ref": "pkg:pub/path_provider_android@2.2.4",
      "name": "path_provider_android",
      "version": "2.2.4",
      "purl": "pkg:pub/path_provider_android@2.2.4",
      "scope": "optional",
      "properties": [
        {
          "name": "dependency:type",
          "value": "transitive"
        },
        {
          "name": "dependency:source",
          "value": "hosted"
        }
      ]
    },
    {
      "type": "library",
      "bom-ref": "pkg:pub/hive@2.2.3",
      "name": "hive",
      "version": "2.2.3",
      "purl": "pkg:pub/hive@2.2.3",
      "scope": "required",
      "properties": [
        {
          "name": "dependency:type",
          "value": "direct"
        },
        {
          "name": "dependency:source",
          "value": "hosted"
        }
      ]
    },
    {
      "type": "library",
      "bom-ref": "pkg:pub/crypto@3.0.3",
      "name": "crypto",
      "version": "3.0.3",
      "purl": "pkg:pub/crypto@3.0.3",
      "scope": "required",
      "properties": [
        {
          "name": "dependency:type",
          "value": "direct"
        },
        {
          "name": "dependency:source",
          "value": "hosted"
        }
      ]
    },
    {
      "type": "library",
      "bom-ref": "pkg:pub/typed_data@1.3.2",
      "name": "typed_data",
      "version": "1.3.2",
      "purl": "pkg:pub/typed_data@1.3.2",
      "scope": "optional",
      "properties": [
        {
          "name": "dependency:type",
          "value": "transitive"
        },
        {
          "name": "dependency:source",
          "value": "hosted"
        }
      ]
    },
    {
      "type": "library",
      "bom-ref": "pkg:pub/local_auth@2.3.0",
      "name": "local_auth",
      "version": "2.3.0",
      "purl": "pkg:pub/local_auth@2.3.0",
      "scope": "required",
      "properties": [
        {
          "name": "dependency:type",
          "value": "direct"
        },
        {
          "name": "dependency:source",
          "value": "hosted"
        }
      ]
    },
    {
      "type": "library",
      "bom-ref": "pkg:pub/local_auth_windows@1.0.11",
      "name": "local_auth_windows",
      "version": "1.0.11",
      "purl": "pkg:pub/local_auth_windows@1.0.11",
      "scope": "optional",
      "properties": [
        {
          "name": "dependency:type",
          "value": "transitive"
        },
        {
          "name": "dependency:source",
          "value": "hosted"
        }
      ]
    },
    {
      "type": "library",
      "bom-ref": "pkg:pub/local_auth_platform_interface@1.0.10",
      "name": "local_auth_platform_interface",
      "version": "1.0.10",
      "purl": "pkg:pub/local_auth_platform_interface@1.0.10",
      "scope": "optional",
      "properties": [
        {
          "name": "dependency:type",
          "value": "transitive"
        },
        {
          "name": "dependency:source",
          "value": "hosted"
        }
      ]
    },
    {
      "type": "library",
      "bom-ref": "pkg:pub/local_auth_darwin@1.4.1",
      "name": "local_auth_darwin",
      "version": "1.4.1",
      "purl": "pkg:pub/local_auth_darwin@1.4.1",
      "scope": "optional",
      "properties": [
        {
          "name": "dependency:type",
          "value": "transitive"
        },
        {
          "name": "dependency:source",
          "value": "hosted"
        }
      ]
    },
    {
      "type": "library",
      "bom-ref": "pkg:pub/intl@0.19.0",
      "name": "intl",
      "version": "0.19.0",
      "purl": "pkg:pub/intl@0.19.0",
      "scope": "optional",
      "properties": [
        {
          "name": "dependency:type",
          "value": "transitive"
        },
        {
          "name": "dependency:source",
          "value": "hosted"
        }
      ]
    },
    {
      "type": "library",
      "bom-ref": "pkg:pub/local_auth_android@1.0.38",
      "name": "local_auth_android",
      "version": "1.0.38",
      "purl": "pkg:pub/local_auth_android@1.0.38",
      "scope": "optional",
      "properties": [
        {
          "name": "dependency:type",
          "value": "transitive"
        },
        {
          "name": "dependency:source",
          "value": "hosted"
        }
      ]
    },
    {
      "type": "library",
      "bom-ref": "pkg:pub/flutter_plugin_android_lifecycle@2.0.19",
      "name": "flutter_plugin_android_lifecycle",
      "version": "2.0.19",
      "purl": "pkg:pub/flutter_plugin_android_lifecycle@2.0.19",
      "scope": "optional",
      "properties": [
        {
          "name": "dependency:type",
          "value": "transitive"
        },
        {
          "name": "dependency:source",
          "value": "hosted"
        }
      ]
    },
    {
      "type": "library",
      "bom-ref": "pkg:pub/flutter_secure_storage@9.2.4",
      "name": "flutter_secure_storage",
      "version": "9.2.4",
      "purl": "pkg:pub/flutter_secure_storage@9.2.4",
      "scope": "required",
      "properties": [
        {
          "name": "dependency:type",
          "value": "direct"
        },
        {
          "name": "dependency:source",
          "value": "hosted"
        }
      ]
    },
    {
      "type": "library",
      "bom-ref": "pkg:pub/flutter_secure_storage_windows@3.1.2",
      "name": "flutter_secure_storage_windows",
      "version": "3.1.2",
      "purl": "pkg:pub/flutter_secure_storage_windows@3.1.2",
      "scope": "optional",
      "properties": [
        {
          "name": "dependency:type",
          "value": "transitive"
        },
        {
          "name": "dependency:source",
          "value": "hosted"
        }
      ]
    },
    {
      "type": "library",
      "bom-ref": "pkg:pub/win32@5.5.0",
      "name": "win32",
      "version": "5.5.0",
      "purl": "pkg:pub/win32@5.5.0",
      "scope": "optional",
      "properties": [
        {
          "name": "dependency:type",
          "value": "transitive"
        },
        {
          "name": "dependency:source",
          "value": "hosted"
        }
      ]
    },
    {
      "type": "library",
      "bom-ref": "pkg:pub/flutter_secure_storage_platform_interface@1.1.2",
      "name": "flutter_secure_storage_platform_interface",
      "version": "1.1.2",
      "purl": "pkg:pub/flutter_secure_storage_platform_interface@1.1.2",
      "scope": "optional",
      "properties": [
        {
          "name": "dependency:type",
          "value": "transitive"
        },
        {
          "name": "dependency:source",
          "value": "hosted"
        }
      ]
    },
    {
      "type": "library",
      "bom-ref": "pkg:pub/flutter_secure_storage_web@1.2.1",
      "name": "flutter_secure_storage_web",
      "version": "1.2.1",
      "purl": "pkg:pub/flutter_secure_storage_web@1.2.1",
      "scope": "optional",
      "properties": [
        {
          "name": "dependency:type",
          "value": "transitive"
        },
        {
          "name": "dependency:source",
          "value": "hosted"
        }
      ]
    },
    {
      "type": "library",
      "bom-ref": "pkg:pub/js@0.6.7",
      "name": "js",
      "version": "0.6.7",
      "purl": "pkg:pub/js@0.6.7",
      "scope": "optional",
      "properties": [
        {
          "name": "dependency:type",
          "value": "transitive"
        },
        {
          "name": "dependency:source",
          "value": "hosted"
        }
      ]
    },
    {
      "type": "library",
      "bom-ref": "pkg:pub/flutter_secure_storage_macos@3.1.3",
      "name": "flutter_secure_storage_macos",
      "version": "3.1.3",
      "purl": "pkg:pub/flutter_secure_storage_macos@3.1.3",
      "scope": "optional",
      "properties": [
        {
          "name": "dependency:type",
          "value": "transitive"
        },
        {
          "name": "dependency:source",
          "value": "hosted"
        }
      ]
    },
    {
      "type": "library",
      "bom-ref": "pkg:pub/flutter_secure_storage_linux@1.2.3",
      "name": "flutter_secure_storage_linux",
      "version": "1.2.3",
      "purl": "pkg:pub/flutter_secure_storage_linux@1.2.3",
      "scope": "optional",
      "properties": [
        {
          "name": "dependency:type",
          "value": "transitive"
        },
        {
          "name": "dependency:source",
          "value": "hosted"
        }
      ]
    },
    {
      "type": "library",
      "bom-ref": "pkg:pub/cryptography@2.7.0",
      "name": "cryptography",
      "version": "2.7.0",
      "purl": "pkg:pub/cryptography@2.7.0",
      "scope": "required",
      "properties": [
        {
          "name": "dependency:type",
          "value": "direct"
        },
        {
          "name": "dependency:source",
          "value": "hosted"
        }
      ]
    },
    {
      "type": "library",
      "bom-ref": "pkg:pub/get_it@7.7.0",
      "name": "get_it",
      "version": "7.7.0",
      "purl": "pkg:pub/get_it@7.7.0",
      "scope": "required",
      "properties": [
        {
          "name": "dependency:type",
          "value": "direct"
        },
        {
          "name": "dependency:source",
          "value": "hosted"
        }
      ]
    },
    {
      "type": "library",
      "bom-ref": "pkg:pub/dio@5.8.0+1",
      "name": "dio",
      "version": "5.8.0+1",
      "purl": "pkg:pub/dio@5.8.0+1",
      "scope": "required",
      "properties": [
        {
          "name": "dependency:type",
          "value": "direct"
        },
        {
          "name": "dependency:source",
          "value": "hosted"
        }
      ]
    },
    {
      "type": "library",
      "bom-ref": "pkg:pub/dio_web_adapter@2.1.1",
      "name": "dio_web_adapter",
      "version": "2.1.1",
      "purl": "pkg:pub/dio_web_adapter@2.1.1",
      "scope": "optional",
      "properties": [
        {
          "name": "dependency:type",
          "value": "transitive"
        },
        {
          "name": "dependency:source",
          "value": "hosted"
        }
      ]
    },
    {
      "type": "library",
      "bom-ref": "pkg:pub/http_parser@4.0.2",
      "name": "http_parser",
      "version": "4.0.2",
      "purl": "pkg:pub/http_parser@4.0.2",
      "scope": "optional",
      "properties": [
        {
          "name": "dependency:type",
          "value": "transitive"
        },
        {
          "name": "dependency:source",
          "value": "hosted"
        }
      ]
    },
    {
      "type": "library",
      "bom-ref": "pkg:pub/responsive_framework@1.5.1",
      "name": "responsive_framework",
      "version": "1.5.1",
      "purl": "pkg:pub/responsive_framework@1.5.1",
      "scope": "required",
      "properties": [
        {
          "name": "dependency:type",
          "value": "direct"
        },
        {
          "name": "dependency:source",
          "value": "hosted"
        }
      ]
    },
    {
      "type": "library",
      "bom-ref": "pkg:pub/flutter_screenutil@5.9.3",
      "name": "flutter_screenutil",
      "version": "5.9.3",
      "purl": "pkg:pub/flutter_screenutil@5.9.3",
      "scope": "required",
      "properties": [
        {
          "name": "dependency:type",
          "value": "direct"
        },
        {
          "name": "dependency:source",
          "value": "hosted"
        }
      ]
    },
    {
      "type": "library",
      "bom-ref": "pkg:pub/go_router@12.1.3",
      "name": "go_router",
      "version": "12.1.3",
      "purl": "pkg:pub/go_router@12.1.3",
      "scope": "required",
      "properties": [
        {
          "name": "dependency:type",
          "value": "direct"
        },
        {
          "name": "dependency:source",
          "value": "hosted"
        }
      ]
    },
    {
      "type": "library",
      "bom-ref": "pkg:pub/logging@1.2.0",
      "name": "logging",
      "version": "1.2.0",
      "purl": "pkg:pub/logging@1.2.0",
      "scope": "optional",
      "properties": [
        {
          "name": "dependency:type",
          "value": "transitive"
        },
        {
          "name": "dependency:source",
          "value": "hosted"
        }
      ]
    },
    {
      "type": "library",
      "bom-ref": "pkg:pub/flutter_bloc@8.1.6",
      "name": "flutter_bloc",
      "version": "8.1.6",
      "purl": "pkg:pub/flutter_bloc@8.1.6",
      "scope": "required",
      "properties": [
        {
          "name": "dependency:type",
          "value": "direct"
        },
        {
          "name": "dependency:source",
          "value": "hosted"
        }
      ]
    },
    {
      "type": "library",
      "bom-ref": "pkg:pub/provider@6.1.5",
      "name": "provider",
      "version": "6.1.5",
      "purl": "pkg:pub/provider@6.1.5",
      "scope": "optional",
      "properties": [
        {
          "name": "dependency:type",
          "value": "transitive"
        },
        {
          "name": "dependency:source",
          "value": "hosted"
        }
      ]
    },
    {
      "type": "library",
      "bom-ref": "pkg:pub/nested@1.0.0",
      "name": "nested",
      "version": "1.0.0",
      "purl": "pkg:pub/nested@1.0.0",
      "scope": "optional",
      "properties": [
        {
          "name": "dependency:type",
          "value": "transitive"
        },
        {
          "name": "dependency:source",
          "value": "hosted"
        }
      ]
    },
    {
      "type": "library",
      "bom-ref": "pkg:pub/bloc@8.1.4",
      "name": "bloc",
      "version": "8.1.4",
      "purl": "pkg:pub/bloc@8.1.4",
      "scope": "optional",
      "properties": [
        {
          "name": "dependency:type",
          "value": "transitive"
        },
        {
          "name": "dependency:source",
          "value": "hosted"
        }
      ]
    }
  ]
}