{
  "packages": [
    {
      "package": "async",
      "kind": "transitive",
      "isDiscontinued": false,
      "current": {
        "version": "2.11.0"
      },
      "upgradable": {
        "version": "2.11.0"
      },
      "resolvable": {
        "version": "2.11.0"
      },
      "latest": {
        "version": "2.13.0"
      }
    },
    {
      "package": "bloc",
      "kind": "transitive",
      "isDiscontinued": false,
      "current": {
        "version": "8.1.4"
      },
      "upgradable": {
        "version": "8.1.4"
      },
      "resolvable": {
        "version": "9.0.0"
      },
      "latest": {
        "version": "9.0.0"
      }
    },
    {
      "package": "boolean_selector",
      "kind": "transitive",
      "isDiscontinued": false,
      "current": {
        "version": "2.1.1"
      },
      "upgradable": {
        "version": "2.1.1"
      },
      "resolvable": {
        "version": "2.1.1"
      },
      "latest": {
        "version": "2.1.2"
      }
    },
    {
      "package": "characters",
      "kind": "transitive",
      "isDiscontinued": false,
      "current": {
        "version": "1.3.0"
      },
      "upgradable": {
        "version": "1.3.0"
      },
      "resolvable": {
        "version": "1.3.0"
      },
      "latest": {
        "version": "1.4.1"
      }
    },
    {
      "package": "clock",
      "kind": "transitive",
      "isDiscontinued": false,
      "current": {
        "version": "1.1.1"
      },
      "upgradable": {
        "version": "1.1.1"
      },
      "resolvable": {
        "version": "1.1.1"
      },
      "latest": {
        "version": "1.1.2"
      }
    },
    {
      "package": "collection",
      "kind": "transitive",
      "isDiscontinued": false,
      "current": {
        "version": "1.18.0"
      },
      "upgradable": {
        "version": "1.18.0"
      },
      "resolvable": {
        "version": "1.18.0"
      },
      "latest": {
        "version": "1.19.1"
      }
    },
    {
      "package": "crypto",
      "kind": "direct",
      "isDiscontinued": false,
      "current": {
        "version": "3.0.3"
      },
      "upgradable": {
        "version": "3.0.3"
      },
      "resolvable": {
        "version": "3.0.3"
      },
      "latest": {
        "version": "3.0.6"
      }
    },
    {
      "package": "fake_async",
      "kind": "transitive",
      "isDiscontinued": false,
      "current": {
        "version": "1.3.1"
      },
      "upgradable": {
        "version": "1.3.1"
      },
      "resolvable": {
        "version": "1.3.1"
      },
      "latest": {
        "version": "1.3.3"
      }
    },
    {
      "package": "ffi",
      "kind": "transitive",
      "isDiscontinued": false,
      "current": {
        "version": "2.1.3"
      },
      "upgradable": {
        "version": "2.1.3"
      },
      "resolvable": {
        "version": "2.1.3"
      },
      "latest": {
        "version": "2.1.4"
      }
    },
    {
      "package": "flutter_bloc",
      "kind": "direct",
      "isDiscontinued": false,
      "current": {
        "version": "8.1.6"
      },
      "upgradable": {
        "version": "8.1.6"
      },
      "resolvable": {
        "version": "9.1.1"
      },
      "latest": {
        "version": "9.1.1"
      }
    },
    {
      "package": "flutter_lints",
      "kind": "dev",
      "isDiscontinued": false,
      "current": {
        "version": "3.0.2"
      },
      "upgradable": {
        "version": "3.0.2"
      },
      "resolvable": {
        "version": "4.0.0"
      },
      "latest": {
        "version": "6.0.0"
      }
    },
    {
      "package": "flutter_plugin_android_lifecycle",
      "kind": "transitive",
      "isDiscontinued": false,
      "current": {
        "version": "2.0.19"
      },
      "upgradable": {
        "version": "2.0.19"
      },
      "resolvable": {
        "version": "2.0.19"
      },
      "latest": {
        "version": "2.0.28"
      }
    },
    {
      "package": "flutter_secure_storage_linux",
      "kind": "transitive",
      "isDiscontinued": false,
      "current": {
        "version": "1.2.3"
      },
      "upgradable": {
        "version": "1.2.3"
      },
      "resolvable": {
        "version": "1.2.3"
      },
      "latest": {
        "version": "2.0.1"
      }
    },
    {
      "package": "flutter_secure_storage_macos",
      "kind": "transitive",
      "isDiscontinued": false,
      "current": {
        "version": "3.1.3"
      },
      "upgradable": {
        "version": "3.1.3"
      },
      "resolvable": {
        "version": "3.1.3"
      },
      "latest": {
        "version": "4.0.0"
      }
    },
    {
      "package": "flutter_secure_storage_platform_interface",
      "kind": "transitive",
      "isDiscontinued": false,
      "current": {
        "version": "1.1.2"
      },
      "upgradable": {
        "version": "1.1.2"
      },
      "resolvable": {
        "version": "1.1.2"
      },
      "latest": {
        "version": "2.0.1"
      }
    },
    {
      "package": "flutter_secure_storage_web",
      "kind": "transitive",
      "isDiscontinued": false,
      "current": {
        "version": "1.2.1"
      },
      "upgradable": {
        "version": "1.2.1"
      },
      "resolvable": {
        "version": "1.2.1"
      },
      "latest": {
        "version": "2.0.0"
      }
    },
    {
      "package": "flutter_secure_storage_windows",
      "kind": "transitive",
      "isDiscontinued": false,
      "current": {
        "version": "3.1.2"
      },
      "upgradable": {
        "version": "3.1.2"
      },
      "resolvable": {
        "version": "3.1.2"
      },
      "latest": {
        "version": "4.0.0"
      }
    },
    {
      "package": "get_it",
      "kind": "direct",
      "isDiscontinued": false,
      "current": {
        "version": "7.7.0"
      },
      "upgradable": {
        "version": "7.7.0"
      },
      "resolvable": {
        "version": "8.0.3"
      },
      "latest": {
        "version": "8.0.3"
      }
    },
    {
      "package": "go_router",
      "kind": "direct",
      "isDiscontinued": false,
      "current": {
        "version": "12.1.3"
      },
      "upgradable": {
        "version": "12.1.3"
      },
      "resolvable": {
        "version": "14.6.2"
      },
      "latest": {
        "version": "16.0.0"
      }
    },
    {
      "package": "http_parser",
      "kind": "transitive",
      "isDiscontinued": false,
      "current": {
        "version": "4.0.2"
      },
      "upgradable": {
        "version": "4.0.2"
      },
      "resolvable": {
        "version": "4.0.2"
      },
      "latest": {
        "version": "4.1.2"
      }
    },
    {
      "package": "intl",
      "kind": "transitive",
      "isDiscontinued": false,
      "current": {
        "version": "0.19.0"
      },
      "upgradable": {
        "version": "0.19.0"
      },
      "resolvable": {
        "version": "0.19.0"
      },
      "latest": {
        "version": "0.20.2"
      }
    },
    {
      "package": "js",
      "kind": "transitive",
      "isDiscontinued": true,
      "current": {
        "version": "0.6.7"
      },
      "upgradable": {
        "version": "0.6.7"
      },
      "resolvable": {
        "version": "0.6.7"
      },
      "latest": {
        "version": "0.7.2"
      }
    },
    {
      "package": "leak_tracker",
      "kind": "transitive",
      "isDiscontinued": false,
      "current": {
        "version": "10.0.0"
      },
      "upgradable": {
        "version": "10.0.0"
      },
      "resolvable": {
        "version": "10.0.0"
      },
      "latest": {
        "version": "11.0.1"
      }
    },
    {
      "package": "leak_tracker_flutter_testing",
      "kind": "transitive",
      "isDiscontinued": false,
      "current": {
        "version": "2.0.1"
      },
      "upgradable": {
        "version": "2.0.1"
      },
      "resolvable": {
        "version": "2.0.1"
      },
      "latest": {
        "version": "3.0.10"
      }
    },
    {
      "package": "leak_tracker_testing",
      "kind": "transitive",
      "isDiscontinued": false,
      "current": {
        "version": "2.0.1"
      },
      "upgradable": {
        "version": "2.0.1"
      },
      "resolvable": {
        "version": "2.0.1"
      },
      "latest": {
        "version": "3.0.2"
      }
    },
    {
      "package": "lints",
      "kind": "transitive",
      "isDiscontinued": false,
      "current": {
        "version": "3.0.0"
      },
      "upgradable": {
        "version": "3.0.0"
      },
      "resolvable": {
        "version": "4.0.0"
      },
      "latest": {
        "version": "6.0.0"
      }
    },
    {
      "package": "local_auth_android",
      "kind": "transitive",
      "isDiscontinued": false,
      "current": {
        "version": "1.0.38"
      },
      "upgradable": {
        "version": "1.0.38"
      },
      "resolvable": {
        "version": "1.0.38"
      },
      "latest": {
        "version": "1.0.50"
      }
    },
    {
      "package": "local_auth_darwin",
      "kind": "transitive",
      "isDiscontinued": false,
      "current": {
        "version": "1.4.1"
      },
      "upgradable": {
        "version": "1.4.1"
      },
      "resolvable": {
        "version": "1.4.1"
      },
      "latest": {
        "version": "1.5.0"
      }
    },
    {
      "package": "logging",
      "kind": "transitive",
      "isDiscontinued": false,
      "current": {
        "version": "1.2.0"
      },
      "upgradable": {
        "version": "1.2.0"
      },
      "resolvable": {
        "version": "1.2.0"
      },
      "latest": {
        "version": "1.3.0"
      }
    },
    {
      "package": "matcher",
      "kind": "transitive",
      "isDiscontinued": false,
      "current": {
        "version": "0.12.16+1"
      },
      "upgradable": {
        "version": "0.12.16+1"
      },
      "resolvable": {
        "version": "0.12.16+1"
      },
      "latest": {
        "version": "0.12.17"
      }
    },
    {
      "package": "material_color_utilities",
      "kind": "transitive",
      "isDiscontinued": false,
      "current": {
        "version": "0.8.0"
      },
      "upgradable": {
        "version": "0.8.0"
      },
      "resolvable": {
        "version": "0.8.0"
      },
      "latest": {
        "version": "0.13.0"
      }
    },
    {
      "package": "meta",
      "kind": "transitive",
      "isDiscontinued": false,
      "current": {
        "version": "1.11.0"
      },
      "upgradable": {
        "version": "1.11.0"
      },
      "resolvable": {
        "version": "1.11.0"
      },
      "latest": {
        "version": "1.17.0"
      }
    },
    {
      "package": "path",
      "kind": "transitive",
      "isDiscontinued": false,
      "current": {
        "version": "1.9.0"
      },
      "upgradable": {
        "version": "1.9.0"
      },
      "resolvable": {
        "version": "1.9.0"
      },
      "latest": {
        "version": "1.9.1"
      }
    },
    {
      "package": "path_provider",
      "kind": "transitive",
      "isDiscontinued": false,
      "current": {
        "version": "2.1.4"
      },
      "upgradable": {
        "version": "2.1.4"
      },
      "resolvable": {
        "version": "2.1.4"
      },
      "latest": {
        "version": "2.1.5"
      }
    },
    {
      "package": "path_provider_android",
      "kind": "transitive",
      "isDiscontinued": false,
      "current": {
        "version": "2.2.4"
      },
      "upgradable": {
        "version": "2.2.4"
      },
      "resolvable": {
        "version": "2.2.4"
      },
      "latest": {
        "version": "2.2.17"
      }
    },
    {
      "package": "shared_preferences",
      "kind": "direct",
      "isDiscontinued": false,
      "current": {
        "version": "2.2.3"
      },
      "upgradable": {
        "version": "2.2.3"
      },
      "resolvable": {
        "version": "2.2.3"
      },
      "latest": {
        "version": "2.5.3"
      }
    },
    {
      "package": "shared_preferences_android",
      "kind": "transitive",
      "isDiscontinued": false,
      "current": {
        "version": "2.2.2"
      },
      "upgradable": {
        "version": "2.2.2"
      },
      "resolvable": {
        "version": "2.2.2"
      },
      "latest": {
        "version": "2.4.10"
      }
    },
    {
      "package": "shared_preferences_foundation",
      "kind": "transitive",
      "isDiscontinued": false,
      "current": {
        "version": "2.5.3"
      },
      "upgradable": {
        "version": "2.5.3"
      },
      "resolvable": {
        "version": "2.5.3"
      },
      "latest": {
        "version": "2.5.4"
      }
    },
    {
      "package": "shared_preferences_web",
      "kind": "transitive",
      "isDiscontinued": false,
      "current": {
        "version": "2.4.1"
      },
      "upgradable": {
        "version": "2.4.1"
      },
      "resolvable": {
        "version": "2.4.1"
      },
      "latest": {
        "version": "2.4.3"
      }
    },
    {
      "package": "source_span",
      "kind": "transitive",
      "isDiscontinued": false,
      "current": {
        "version": "1.10.0"
      },
      "upgradable": {
        "version": "1.10.0"
      },
      "resolvable": {
        "version": "1.10.0"
      },
      "latest": {
        "version": "1.10.1"
      }
    },
    {
      "package": "stack_trace",
      "kind": "transitive",
      "isDiscontinued": false,
      "current": {
        "version": "1.11.1"
      },
      "upgradable": {
        "version": "1.11.1"
      },
      "resolvable": {
        "version": "1.11.1"
      },
      "latest": {
        "version": "1.12.1"
      }
    },
    {
      "package": "stream_channel",
      "kind": "transitive",
      "isDiscontinued": false,
      "current": {
        "version": "2.1.2"
      },
      "upgradable": {
        "version": "2.1.2"
      },
      "resolvable": {
        "version": "2.1.2"
      },
      "latest": {
        "version": "2.1.4"
      }
    },
    {
      "package": "string_scanner",
      "kind": "transitive",
      "isDiscontinued": false,
      "current": {
        "version": "1.2.0"
      },
      "upgradable": {
        "version": "1.2.0"
      },
      "resolvable": {
        "version": "1.2.0"
      },
      "latest": {
        "version": "1.4.1"
      }
    },
    {
      "package": "term_glyph",
      "kind": "transitive",
      "isDiscontinued": false,
      "current": {
        "version": "1.2.1"
      },
      "upgradable": {
        "version": "1.2.1"
      },
      "resolvable": {
        "version": "1.2.1"
      },
      "latest": {
        "version": "1.2.2"
      }
    },
    {
      "package": "test_api",
      "kind": "transitive",
      "isDiscontinued": false,
      "current": {
        "version": "0.6.1"
      },
      "upgradable": {
        "version": "0.6.1"
      },
      "resolvable": {
        "version": "0.6.1"
      },
      "latest": {
        "version": "0.7.7"
      }
    },
    {
      "package": "typed_data",
      "kind": "transitive",
      "isDiscontinued": false,
      "current": {
        "version": "1.3.2"
      },
      "upgradable": {
        "version": "1.3.2"
      },
      "resolvable": {
        "version": "1.3.2"
      },
      "latest": {
        "version": "1.4.0"
      }
    },
    {
      "package": "vector_math",
      "kind": "transitive",
      "isDiscontinued": false,
      "current": {
        "version": "2.1.4"
      },
      "upgradable": {
        "version": "2.1.4"
      },
      "resolvable": {
        "version": "2.1.4"
      },
      "latest": {
        "version": "2.2.0"
      }
    },
    {
      "package": "vm_service",
      "kind": "transitive",
      "isDiscontinued": false,
      "current": {
        "version": "13.0.0"
      },
      "upgradable": {
        "version": "13.0.0"
      },
      "resolvable": {
        "version": "13.0.0"
      },
      "latest": {
        "version": "15.0.2"
      }
    },
    {
      "package": "web",
      "kind": "transitive",
      "isDiscontinued": false,
      "current": {
        "version": "0.5.1"
      },
      "upgradable": {
        "version": "0.5.1"
      },
      "resolvable": {
        "version": "0.5.1"
      },
      "latest": {
        "version": "1.1.1"
      }
    },
    {
      "package": "win32",
      "kind": "transitive",
      "isDiscontinued": false,
      "current": {
        "version": "5.5.0"
      },
      "upgradable": {
        "version": "5.5.0"
      },
      "resolvable": {
        "version": "5.5.0"
      },
      "latest": {
        "version": "5.14.0"
      }
    }
  ]
}
