{
  "timestamp": "2025-07-30T16:27:13.053942",
  "summary": {
    "scan_type": "full",
    "total_vulnerabilities": 0,
    "critical_vulnerabilities": 0,
    "high_vulnerabilities": 0,
    "medium_vulnerabilities": 0,
    "low_vulnerabilities": 0,
    "sast_issues": 0,
    "dependency_issues": 0,
    "supply_chain_issues": 0,
    "license_compliant": true,
    "secrets_found": 0,
    "overall_score": 100
  },
  "details": {
    "sast_analysis": {
      "flutter-analyzer": {
        "version": "2.1.0",
        "runs": [
          {
            "tool": {
              "driver": {
                "name": "flutter-analyzer",
                "version": "1.0.0"
              }
            },
            "results": []
          }
        ]
      },
      "semgrep": {
        "$schema": "https://docs.oasis-open.org/sarif/sarif/v2.1.0/os/schemas/sarif-schema-2.1.0.json",
        "runs": [
          {
            "invocations": [
              {
                "executionSuccessful": true,
                "toolExecutionNotifications": [
                  {
                    "descriptor": {
                      "id": "SemgrepError"
                    },
                    "level": "error",
                    "message": {
                      "text": "File not found: p/owasp-top-ten"
                    }
                  }
                ]
              }
            ],
            "results": [],
            "tool": {
              "driver": {
                "name": "semgrep",
                "rules": [],
                "semanticVersion": "1.45.0"
              }
            }
          }
        ],
        "version": "2.1.0"
      },
      "dcm": {
        "version": "2.1.0",
        "runs": []
      }
    },
    "dependency_scanning": {
      "grype": {
        "version": "2.1.0",
        "$schema": "https://docs.oasis-open.org/sarif/sarif/v2.1.0/errata01/os/schemas/sarif-schema-2.1.0.json",
        "runs": [
          {
            "tool": {
              "driver": {
                "name": "grype",
                "version": "0.96.1",
                "informationUri": "https://github.com/anchore/grype"
              }
            },
            "results": []
          }
        ]
      },
      "trivy": {
        "version": "2.1.0",
        "$schema": "https://raw.githubusercontent.com/oasis-tcs/sarif-spec/main/sarif-2.1/schema/sarif-schema-2.1.0.json",
        "runs": [
          {
            "tool": {
              "driver": {
                "fullName": "Trivy Vulnerability Scanner",
                "informationUri": "https://github.com/aquasecurity/trivy",
                "name": "Trivy",
                "rules": [],
                "version": "0.64.1"
              }
            },
            "results": [],
            "columnKind": "utf16CodeUnits",
            "originalUriBaseIds": {
              "ROOTPATH": {
                "uri": "file:///home/runner/work/MeDUSA_Flutter/MeDUSA_Flutter/"
              }
            }
          }
        ]
      },
      "osv": {
        "results": []
      }
    },
    "supply_chain": {},
    "recommendations": [
      {
        "priority": "LOW",
        "message": "Update 50 outdated dependencies"
      }
    ]
  }
}